Bin name,Completeness (from MaxBin),Genome size,GC content
maxbin2_unbinned_contigs.457.fasta,79.40%,3540762,43.4
maxbin2_unbinned_contigs.209.fasta,72%,5582664,67.2
maxbin2_unbinned_contigs.392.fasta,72%,6451859,60.6
maxbin2_unbinned_contigs.434.fasta,71%,5026833,51.1
maxbin2_unbinned_contigs.456.fasta,71%,4738491,39.4
maxbin2_unbinned_contigs.359.fasta,70.10%,4867172,42.3
maxbin2_unbinned_contigs.446.fasta,69.20%,3058402,43.2
maxbin2_unbinned_contigs.226.fasta,68.20%,5834452,49.9
maxbin2_unbinned_contigs.075.fasta,67.30%,3814709,65.8
maxbin2_unbinned_contigs.290.fasta,67.30%,8151404,68.6
maxbin2_unbinned_contigs.266.fasta,66.40%,6850042,65
maxbin2_unbinned_contigs.213.fasta,65.40%,2779219,65.4
maxbin2_unbinned_contigs.239.fasta,65.40%,5233738,63.4
maxbin2_unbinned_contigs.250.fasta,65.40%,4975626,61.5
maxbin2_unbinned_contigs.092.fasta,64.50%,5092912,45.1
maxbin2_unbinned_contigs.178.fasta,64.50%,7781119,66.9
maxbin2_unbinned_contigs.199.fasta,64.50%,3049112,61.9
maxbin2_unbinned_contigs.231.fasta,64.50%,3339776,63.8
maxbin2_unbinned_contigs.270.fasta,64.50%,6998022,67.1
maxbin2_unbinned_contigs.379.fasta,64.50%,6198046,59.4
maxbin2_unbinned_contigs.299.fasta,63.60%,6408166,68.3
maxbin2_unbinned_contigs.360.fasta,63.60%,4998741,53
maxbin2_unbinned_contigs.438.fasta,63.60%,4947937,51.3
maxbin2_unbinned_contigs.136.fasta,62.60%,2009508,68.7
maxbin2_unbinned_contigs.173.fasta,62.60%,4972438,57.6
maxbin2_unbinned_contigs.326.fasta,62.60%,6911509,61.8
maxbin2_unbinned_contigs.330.fasta,62.60%,3039280,63.9
maxbin2_unbinned_contigs.339.fasta,62.60%,2383546,61.4
maxbin2_unbinned_contigs.380.fasta,62.60%,5925920,60.4
maxbin2_unbinned_contigs.013.fasta,61.70%,1640878,63.9
maxbin2_unbinned_contigs.032.fasta,61.70%,1529641,66
maxbin2_unbinned_contigs.128.fasta,61.70%,3811722,55.1
maxbin2_unbinned_contigs.158.fasta,61.70%,4353970,54.2
maxbin2_unbinned_contigs.203.fasta,61.70%,1389296,63.2
maxbin2_unbinned_contigs.354.fasta,61.70%,4440267,66.8
maxbin2_unbinned_contigs.424.fasta,61.70%,4084640,53.9
maxbin2_unbinned_contigs.452.fasta,61.70%,4711038,49.5
maxbin2_unbinned_contigs.296.fasta,60.70%,7105411,67.4
maxbin2_unbinned_contigs.331.fasta,60.70%,3124688,66.6
maxbin2_unbinned_contigs.377.fasta,60.70%,3888859,39.3
maxbin2_unbinned_contigs.423.fasta,60.70%,3411543,53.9
maxbin2_unbinned_contigs.462.fasta,60.70%,2686058,49.7
maxbin2_unbinned_contigs.285.fasta,59.80%,7665614,64
maxbin2_unbinned_contigs.349.fasta,59.80%,3298790,37.9
maxbin2_unbinned_contigs.194.fasta,58.90%,3226326,65.5
maxbin2_unbinned_contigs.195.fasta,58.90%,2421357,65.7
maxbin2_unbinned_contigs.256.fasta,58.90%,3481288,65.9
maxbin2_unbinned_contigs.294.fasta,58.90%,7659109,66.4
maxbin2_unbinned_contigs.347.fasta,58.90%,3582046,63.2
maxbin2_unbinned_contigs.355.fasta,58.90%,6053703,63.1
maxbin2_unbinned_contigs.401.fasta,58.90%,5718346,57.4
maxbin2_unbinned_contigs.427.fasta,58.90%,1225841,51
maxbin2_unbinned_contigs.442.fasta,58.90%,1969435,44
maxbin2_unbinned_contigs.295.fasta,57.90%,5015982,64.2
maxbin2_unbinned_contigs.382.fasta,57.90%,6374820,57.2
maxbin2_unbinned_contigs.062.fasta,57%,6587828,72
maxbin2_unbinned_contigs.137.fasta,57%,2249745,65.8
maxbin2_unbinned_contigs.162.fasta,57%,7252239,62.8
maxbin2_unbinned_contigs.312.fasta,57%,6158897,66.7
maxbin2_unbinned_contigs.437.fasta,57%,4370675,51.9
maxbin2_unbinned_contigs.089.fasta,56.10%,7308589,71.5
maxbin2_unbinned_contigs.233.fasta,56.10%,3508041,68.9
maxbin2_unbinned_contigs.298.fasta,56.10%,3796648,60.4
maxbin2_unbinned_contigs.381.fasta,56.10%,2743029,46.6
maxbin2_unbinned_contigs.396.fasta,56.10%,6628450,57.5
maxbin2_unbinned_contigs.464.fasta,56.10%,2561687,42.3
maxbin2_unbinned_contigs.038.fasta,55.10%,1998864,69.5
maxbin2_unbinned_contigs.060.fasta,55.10%,5953336,69.1
maxbin2_unbinned_contigs.102.fasta,55.10%,5413967,60
maxbin2_unbinned_contigs.208.fasta,55.10%,7933613,63.4
maxbin2_unbinned_contigs.308.fasta,55.10%,4887061,64.2
maxbin2_unbinned_contigs.317.fasta,55.10%,6560552,66.1
maxbin2_unbinned_contigs.343.fasta,55.10%,6363886,62.7
maxbin2_unbinned_contigs.365.fasta,55.10%,3678359,61.5
maxbin2_unbinned_contigs.369.fasta,55.10%,7478926,59.8
maxbin2_unbinned_contigs.431.fasta,55.10%,2645391,51.4
maxbin2_unbinned_contigs.454.fasta,55.10%,2333302,48.5
maxbin2_unbinned_contigs.029.fasta,54.20%,2815380,64.1
maxbin2_unbinned_contigs.036.fasta,54.20%,2090756,68
maxbin2_unbinned_contigs.212.fasta,54.20%,3094322,56.5
maxbin2_unbinned_contigs.222.fasta,54.20%,6908874,69.7
maxbin2_unbinned_contigs.340.fasta,54.20%,7519104,64.7
maxbin2_unbinned_contigs.402.fasta,54.20%,2147712,40.2
maxbin2_unbinned_contigs.412.fasta,54.20%,3025846,56.4
maxbin2_unbinned_contigs.414.fasta,54.20%,4435420,56.2
maxbin2_unbinned_contigs.419.fasta,54.20%,5442322,60.3
maxbin2_unbinned_contigs.439.fasta,54.20%,3106139,32.7
maxbin2_unbinned_contigs.455.fasta,54.20%,6690175,47.2
maxbin2_unbinned_contigs.007.fasta,53.30%,1632603,64.4
maxbin2_unbinned_contigs.087.fasta,53.30%,3937503,37.6
maxbin2_unbinned_contigs.230.fasta,53.30%,2568731,61.3
maxbin2_unbinned_contigs.268.fasta,53.30%,2623889,66.1
maxbin2_unbinned_contigs.274.fasta,53.30%,1262684,64.5
maxbin2_unbinned_contigs.390.fasta,53.30%,2677656,61.5
maxbin2_unbinned_contigs.394.fasta,53.30%,3896374,37.6
maxbin2_unbinned_contigs.072.fasta,52.30%,2836333,68.7
maxbin2_unbinned_contigs.190.fasta,52.30%,2936802,42
maxbin2_unbinned_contigs.348.fasta,52.30%,3117862,61.1
maxbin2_unbinned_contigs.362.fasta,52.30%,4716553,64.5
maxbin2_unbinned_contigs.443.fasta,52.30%,2174885,50.6
maxbin2_unbinned_contigs.335.fasta,51.40%,6411839,66
maxbin2_unbinned_contigs.406.fasta,51.40%,5855907,56
maxbin2_unbinned_contigs.477.fasta,51.40%,2539897,44.6
maxbin2_unbinned_contigs.006.fasta,50.50%,1188713,69.1
maxbin2_unbinned_contigs.247.fasta,50.50%,5321420,66.6
maxbin2_unbinned_contigs.279.fasta,50.50%,7452618,68.4
maxbin2_unbinned_contigs.307.fasta,50.50%,7893123,69.6
maxbin2_unbinned_contigs.345.fasta,50.50%,3477263,66
maxbin2_unbinned_contigs.361.fasta,50.50%,6098490,61.2
maxbin2_unbinned_contigs.385.fasta,50.50%,5094358,60.9
maxbin2_unbinned_contigs.391.fasta,50.50%,1749134,55.6
maxbin2_unbinned_contigs.020.fasta,49.50%,2786370,71.5
maxbin2_unbinned_contigs.063.fasta,49.50%,7225040,66
maxbin2_unbinned_contigs.223.fasta,49.50%,1848161,64.3
maxbin2_unbinned_contigs.300.fasta,49.50%,4596207,63.6
maxbin2_unbinned_contigs.337.fasta,49.50%,5397289,53.6
maxbin2_unbinned_contigs.356.fasta,49.50%,5675018,69.5
maxbin2_unbinned_contigs.371.fasta,49.50%,3335165,66.2
maxbin2_unbinned_contigs.389.fasta,49.50%,2980167,57.8
maxbin2_unbinned_contigs.393.fasta,49.50%,2986804,58.2
maxbin2_unbinned_contigs.417.fasta,49.50%,2446274,55.4
maxbin2_unbinned_contigs.094.fasta,48.60%,5858418,53.9
maxbin2_unbinned_contigs.167.fasta,48.60%,1524595,63.3
maxbin2_unbinned_contigs.192.fasta,48.60%,1810308,67.5
maxbin2_unbinned_contigs.204.fasta,48.60%,979373,63
maxbin2_unbinned_contigs.205.fasta,48.60%,2996668,38.5
maxbin2_unbinned_contigs.303.fasta,48.60%,3201851,60.1
maxbin2_unbinned_contigs.332.fasta,48.60%,5135851,63.4
maxbin2_unbinned_contigs.333.fasta,48.60%,5737467,63
maxbin2_unbinned_contigs.448.fasta,48.60%,1759517,49
maxbin2_unbinned_contigs.043.fasta,47.70%,668964,63.4
maxbin2_unbinned_contigs.088.fasta,47.70%,5908202,59
maxbin2_unbinned_contigs.351.fasta,47.70%,3467416,55.8
maxbin2_unbinned_contigs.375.fasta,47.70%,3015885,58.8
maxbin2_unbinned_contigs.376.fasta,47.70%,5426142,56.1
maxbin2_unbinned_contigs.422.fasta,47.70%,1535379,50.8
maxbin2_unbinned_contigs.470.fasta,47.70%,2971813,45.7
maxbin2_unbinned_contigs.051.fasta,46.70%,1558196,71.9
maxbin2_unbinned_contigs.055.fasta,46.70%,4587784,66.4
maxbin2_unbinned_contigs.093.fasta,46.70%,1575971,69.8
maxbin2_unbinned_contigs.099.fasta,46.70%,2194972,45.9
maxbin2_unbinned_contigs.107.fasta,46.70%,1666523,70.1
maxbin2_unbinned_contigs.141.fasta,46.70%,7794871,72.8
maxbin2_unbinned_contigs.145.fasta,46.70%,3637947,72.1
maxbin2_unbinned_contigs.165.fasta,46.70%,1904268,64
maxbin2_unbinned_contigs.228.fasta,46.70%,1347869,64.5
maxbin2_unbinned_contigs.229.fasta,46.70%,2541865,66.8
maxbin2_unbinned_contigs.284.fasta,46.70%,2919792,61.1
maxbin2_unbinned_contigs.350.fasta,46.70%,3279211,63.2
maxbin2_unbinned_contigs.435.fasta,46.70%,3412114,54.1
maxbin2_unbinned_contigs.078.fasta,45.80%,3751373,67.3
maxbin2_unbinned_contigs.138.fasta,45.80%,995608,63.4
maxbin2_unbinned_contigs.240.fasta,45.80%,2333210,57.6
maxbin2_unbinned_contigs.243.fasta,45.80%,3430594,55.2
maxbin2_unbinned_contigs.287.fasta,45.80%,6985119,70.2
maxbin2_unbinned_contigs.395.fasta,45.80%,6823608,61.7
maxbin2_unbinned_contigs.418.fasta,45.80%,4816487,52.9
maxbin2_unbinned_contigs.469.fasta,45.80%,4250242,42.6
maxbin2_unbinned_contigs.014.fasta,44.90%,4197338,73.7
maxbin2_unbinned_contigs.079.fasta,44.90%,3751245,65.2
maxbin2_unbinned_contigs.148.fasta,44.90%,3910801,69.3
maxbin2_unbinned_contigs.168.fasta,44.90%,5939980,69.3
maxbin2_unbinned_contigs.238.fasta,44.90%,3165633,55.3
maxbin2_unbinned_contigs.325.fasta,44.90%,3748523,63.1
maxbin2_unbinned_contigs.398.fasta,44.90%,4860064,60.2
maxbin2_unbinned_contigs.441.fasta,44.90%,3138327,43.5
maxbin2_unbinned_contigs.011.fasta,43.90%,2447325,66.7
maxbin2_unbinned_contigs.049.fasta,43.90%,913231,68.2
maxbin2_unbinned_contigs.112.fasta,43.90%,1145885,64.5
maxbin2_unbinned_contigs.116.fasta,43.90%,2363148,67.8
maxbin2_unbinned_contigs.179.fasta,43.90%,962149,56.6
maxbin2_unbinned_contigs.211.fasta,43.90%,3140275,64
maxbin2_unbinned_contigs.224.fasta,43.90%,3569170,57.7
maxbin2_unbinned_contigs.260.fasta,43.90%,4148407,67.2
maxbin2_unbinned_contigs.273.fasta,43.90%,4495845,69
maxbin2_unbinned_contigs.282.fasta,43.90%,3481486,63.7
maxbin2_unbinned_contigs.320.fasta,43.90%,2946326,68.9
maxbin2_unbinned_contigs.473.fasta,43.90%,1412433,43.1
maxbin2_unbinned_contigs.035.fasta,43%,2337460,65.3
maxbin2_unbinned_contigs.069.fasta,43%,3519437,68.2
maxbin2_unbinned_contigs.074.fasta,43%,4504747,63.4
maxbin2_unbinned_contigs.110.fasta,43%,4459358,33
maxbin2_unbinned_contigs.161.fasta,43%,3304441,68.4
maxbin2_unbinned_contigs.262.fasta,43%,3267218,65.1
maxbin2_unbinned_contigs.276.fasta,43%,4986409,65.9
maxbin2_unbinned_contigs.334.fasta,43%,4706985,66.8
maxbin2_unbinned_contigs.342.fasta,43%,4871478,68
maxbin2_unbinned_contigs.084.fasta,42.10%,850869,72.4
maxbin2_unbinned_contigs.125.fasta,42.10%,825002,66.2
maxbin2_unbinned_contigs.154.fasta,42.10%,2589916,57.7
maxbin2_unbinned_contigs.180.fasta,42.10%,1326450,66
maxbin2_unbinned_contigs.297.fasta,42.10%,3271240,62.2
maxbin2_unbinned_contigs.328.fasta,42.10%,2930025,65.1
maxbin2_unbinned_contigs.405.fasta,42.10%,3118898,56.5
maxbin2_unbinned_contigs.021.fasta,41.10%,500219,68.3
maxbin2_unbinned_contigs.023.fasta,41.10%,3467647,68
maxbin2_unbinned_contigs.028.fasta,41.10%,1950779,71.4
maxbin2_unbinned_contigs.033.fasta,41.10%,583644,67.1
maxbin2_unbinned_contigs.085.fasta,41.10%,3608643,68.5
maxbin2_unbinned_contigs.151.fasta,41.10%,3312815,67.1
maxbin2_unbinned_contigs.160.fasta,41.10%,1127989,58.2
maxbin2_unbinned_contigs.215.fasta,41.10%,3550856,56.7
maxbin2_unbinned_contigs.220.fasta,41.10%,782523,66.6
maxbin2_unbinned_contigs.242.fasta,41.10%,840322,57.2
maxbin2_unbinned_contigs.251.fasta,41.10%,4251621,67.1
maxbin2_unbinned_contigs.264.fasta,41.10%,5455783,69.2
maxbin2_unbinned_contigs.301.fasta,41.10%,7593941,65.5
maxbin2_unbinned_contigs.310.fasta,41.10%,2378570,65.2
maxbin2_unbinned_contigs.370.fasta,41.10%,7398367,59.8
maxbin2_unbinned_contigs.479.fasta,41.10%,1199261,35.6
maxbin2_unbinned_contigs.003.fasta,40.20%,2040626,59.7
maxbin2_unbinned_contigs.030.fasta,40.20%,1237266,62.6
maxbin2_unbinned_contigs.042.fasta,40.20%,548288,69.8
maxbin2_unbinned_contigs.115.fasta,40.20%,802346,67.4
maxbin2_unbinned_contigs.156.fasta,40.20%,458426,64.2
maxbin2_unbinned_contigs.267.fasta,40.20%,3839963,57.6
maxbin2_unbinned_contigs.281.fasta,40.20%,7658064,70.4
maxbin2_unbinned_contigs.304.fasta,40.20%,5411024,63.9
maxbin2_unbinned_contigs.319.fasta,40.20%,6168805,64
maxbin2_unbinned_contigs.472.fasta,40.20%,2124764,35.9
maxbin2_unbinned_contigs.096.fasta,39.30%,4052215,39.8
maxbin2_unbinned_contigs.106.fasta,39.30%,600591,69.3
maxbin2_unbinned_contigs.368.fasta,39.30%,5692091,64.8
maxbin2_unbinned_contigs.447.fasta,39.30%,1251955,35.6
maxbin2_unbinned_contigs.453.fasta,39.30%,2635112,38.9
maxbin2_unbinned_contigs.026.fasta,38.30%,2957301,63.1
maxbin2_unbinned_contigs.103.fasta,38.30%,693859,67.6
maxbin2_unbinned_contigs.196.fasta,38.30%,3554633,66.8
maxbin2_unbinned_contigs.235.fasta,38.30%,5234163,58.3
maxbin2_unbinned_contigs.253.fasta,38.30%,5714325,68.5
maxbin2_unbinned_contigs.289.fasta,38.30%,1415284,62.2
maxbin2_unbinned_contigs.321.fasta,38.30%,7564694,71.2
maxbin2_unbinned_contigs.324.fasta,38.30%,6737234,66.8
maxbin2_unbinned_contigs.366.fasta,38.30%,4453642,63.3
maxbin2_unbinned_contigs.399.fasta,38.30%,3241347,47.3
maxbin2_unbinned_contigs.420.fasta,38.30%,1493719,55.6
maxbin2_unbinned_contigs.461.fasta,38.30%,4390007,48.7
maxbin2_unbinned_contigs.002.fasta,37.40%,1551307,64.9
maxbin2_unbinned_contigs.041.fasta,37.40%,1540923,68.9
maxbin2_unbinned_contigs.080.fasta,37.40%,3063394,63.4
maxbin2_unbinned_contigs.091.fasta,37.40%,3686382,64.8
maxbin2_unbinned_contigs.126.fasta,37.40%,842503,69
maxbin2_unbinned_contigs.143.fasta,37.40%,240160,62.1
maxbin2_unbinned_contigs.232.fasta,37.40%,1560775,64.3
maxbin2_unbinned_contigs.258.fasta,37.40%,5095187,71.1
maxbin2_unbinned_contigs.400.fasta,37.40%,3251521,57.3
maxbin2_unbinned_contigs.408.fasta,37.40%,1544764,61.2
maxbin2_unbinned_contigs.048.fasta,36.40%,3798988,68.9
maxbin2_unbinned_contigs.081.fasta,36.40%,6903288,65.4
maxbin2_unbinned_contigs.130.fasta,36.40%,3807553,72.7
maxbin2_unbinned_contigs.169.fasta,36.40%,3808942,69.5
maxbin2_unbinned_contigs.206.fasta,36.40%,8194407,59.4
maxbin2_unbinned_contigs.227.fasta,36.40%,7784153,62.5
maxbin2_unbinned_contigs.259.fasta,36.40%,6418516,72.1
maxbin2_unbinned_contigs.336.fasta,36.40%,4195629,71.3
maxbin2_unbinned_contigs.352.fasta,36.40%,3941073,60.6
maxbin2_unbinned_contigs.383.fasta,36.40%,4870763,60.2
maxbin2_unbinned_contigs.413.fasta,36.40%,1987816,57.4
maxbin2_unbinned_contigs.430.fasta,36.40%,2816813,54.5
maxbin2_unbinned_contigs.071.fasta,35.50%,606378,68.9
maxbin2_unbinned_contigs.098.fasta,35.50%,603085,62
maxbin2_unbinned_contigs.155.fasta,35.50%,6785233,72.6
maxbin2_unbinned_contigs.187.fasta,35.50%,675102,63.2
maxbin2_unbinned_contigs.202.fasta,35.50%,7500171,53.3
maxbin2_unbinned_contigs.210.fasta,35.50%,8306403,67
maxbin2_unbinned_contigs.277.fasta,35.50%,2829843,60.8
maxbin2_unbinned_contigs.280.fasta,35.50%,1675359,60.7
maxbin2_unbinned_contigs.291.fasta,35.50%,1240103,61.7
maxbin2_unbinned_contigs.378.fasta,35.50%,5096794,60.2
maxbin2_unbinned_contigs.384.fasta,35.50%,3871768,52.5
maxbin2_unbinned_contigs.409.fasta,35.50%,4153897,58.2
maxbin2_unbinned_contigs.445.fasta,35.50%,2591213,51.5
maxbin2_unbinned_contigs.466.fasta,35.50%,2642775,48.6
maxbin2_unbinned_contigs.053.fasta,34.60%,5051169,74.1
maxbin2_unbinned_contigs.132.fasta,34.60%,1090795,69.7
maxbin2_unbinned_contigs.142.fasta,34.60%,737992,62.1
maxbin2_unbinned_contigs.163.fasta,34.60%,1637476,66.7
maxbin2_unbinned_contigs.175.fasta,34.60%,543656,61.8
maxbin2_unbinned_contigs.286.fasta,34.60%,8034437,69.7
maxbin2_unbinned_contigs.292.fasta,34.60%,5071358,69.6
maxbin2_unbinned_contigs.467.fasta,34.60%,1965166,37.6
maxbin2_unbinned_contigs.027.fasta,33.60%,1920086,64.8
maxbin2_unbinned_contigs.174.fasta,33.60%,4349029,70.6
maxbin2_unbinned_contigs.177.fasta,33.60%,1058407,66.4
maxbin2_unbinned_contigs.184.fasta,33.60%,1325364,66.3
maxbin2_unbinned_contigs.234.fasta,33.60%,2630617,59.3
maxbin2_unbinned_contigs.265.fasta,33.60%,2482112,65.8
maxbin2_unbinned_contigs.271.fasta,33.60%,4772813,67.6
maxbin2_unbinned_contigs.323.fasta,33.60%,4246465,65.1
maxbin2_unbinned_contigs.367.fasta,33.60%,2912267,61.1
maxbin2_unbinned_contigs.010.fasta,32.70%,484155,65.6
maxbin2_unbinned_contigs.012.fasta,32.70%,454014,69.2
maxbin2_unbinned_contigs.040.fasta,32.70%,1051078,62.6
maxbin2_unbinned_contigs.059.fasta,32.70%,6834554,60.6
maxbin2_unbinned_contigs.076.fasta,32.70%,7594824,70.6
maxbin2_unbinned_contigs.086.fasta,32.70%,802065,61.5
maxbin2_unbinned_contigs.111.fasta,32.70%,560342,64.9
maxbin2_unbinned_contigs.124.fasta,32.70%,987002,67.8
maxbin2_unbinned_contigs.157.fasta,32.70%,2372400,68.4
maxbin2_unbinned_contigs.170.fasta,32.70%,1338862,60
maxbin2_unbinned_contigs.241.fasta,32.70%,4029675,71.9
maxbin2_unbinned_contigs.272.fasta,32.70%,4247763,69.5
maxbin2_unbinned_contigs.275.fasta,32.70%,7668546,68.1
maxbin2_unbinned_contigs.046.fasta,31.80%,999486,68.1
maxbin2_unbinned_contigs.073.fasta,31.80%,2991121,64.5
maxbin2_unbinned_contigs.181.fasta,31.80%,7309636,71.5
maxbin2_unbinned_contigs.225.fasta,31.80%,2154359,70.6
maxbin2_unbinned_contigs.313.fasta,31.80%,2153688,67.2
maxbin2_unbinned_contigs.318.fasta,31.80%,2534595,65.9
maxbin2_unbinned_contigs.426.fasta,31.80%,3069624,54
maxbin2_unbinned_contigs.451.fasta,31.80%,2403233,51.6
maxbin2_unbinned_contigs.009.fasta,30.80%,1556196,69.4
maxbin2_unbinned_contigs.039.fasta,30.80%,363096,68.9
maxbin2_unbinned_contigs.044.fasta,30.80%,456390,66.5
maxbin2_unbinned_contigs.077.fasta,30.80%,3672784,71.9
maxbin2_unbinned_contigs.083.fasta,30.80%,756410,69.9
maxbin2_unbinned_contigs.101.fasta,30.80%,703121,70.8
maxbin2_unbinned_contigs.105.fasta,30.80%,299165,64.1
maxbin2_unbinned_contigs.109.fasta,30.80%,861271,70.8
maxbin2_unbinned_contigs.176.fasta,30.80%,7541043,71.9
maxbin2_unbinned_contigs.263.fasta,30.80%,6143398,69.4
maxbin2_unbinned_contigs.316.fasta,30.80%,1847556,60.9
maxbin2_unbinned_contigs.346.fasta,30.80%,5126678,65
maxbin2_unbinned_contigs.152.fasta,29.90%,203558,61.8
maxbin2_unbinned_contigs.183.fasta,29.90%,2551459,71.3
maxbin2_unbinned_contigs.322.fasta,29.90%,5357454,69
maxbin2_unbinned_contigs.449.fasta,29.90%,1758010,49.7
maxbin2_unbinned_contigs.050.fasta,29%,757725,67.8
maxbin2_unbinned_contigs.118.fasta,29%,390520,65.5
maxbin2_unbinned_contigs.140.fasta,29%,2792276,69.6
maxbin2_unbinned_contigs.144.fasta,29%,1080524,60.8
maxbin2_unbinned_contigs.197.fasta,29%,1263317,64.7
maxbin2_unbinned_contigs.218.fasta,29%,2738053,70.1
maxbin2_unbinned_contigs.338.fasta,29%,4430523,65.9
maxbin2_unbinned_contigs.387.fasta,29%,2545203,60.8
maxbin2_unbinned_contigs.411.fasta,29%,2380302,37.5
maxbin2_unbinned_contigs.415.fasta,29%,5956328,57.6
maxbin2_unbinned_contigs.463.fasta,29%,3929033,42.2
maxbin2_unbinned_contigs.031.fasta,28%,354238,68.3
maxbin2_unbinned_contigs.052.fasta,28%,2543672,71.3
maxbin2_unbinned_contigs.114.fasta,28%,286691,63
maxbin2_unbinned_contigs.216.fasta,28%,3391352,66.7
maxbin2_unbinned_contigs.248.fasta,28%,3649835,66.1
maxbin2_unbinned_contigs.252.fasta,28%,3795975,69.1
maxbin2_unbinned_contigs.269.fasta,28%,2894723,66.3
maxbin2_unbinned_contigs.372.fasta,28%,6003457,59.4
maxbin2_unbinned_contigs.386.fasta,28%,1827445,60.9
maxbin2_unbinned_contigs.404.fasta,28%,1596330,36.5
maxbin2_unbinned_contigs.428.fasta,28%,1891564,54.8
maxbin2_unbinned_contigs.056.fasta,27.10%,3788460,68.6
maxbin2_unbinned_contigs.119.fasta,27.10%,622530,67.7
maxbin2_unbinned_contigs.217.fasta,27.10%,6202974,66.1
maxbin2_unbinned_contigs.221.fasta,27.10%,765435,35.6
maxbin2_unbinned_contigs.374.fasta,27.10%,3294578,55.6
maxbin2_unbinned_contigs.478.fasta,27.10%,4453112,38.3
maxbin2_unbinned_contigs.054.fasta,26.20%,450111,67.1
maxbin2_unbinned_contigs.061.fasta,26.20%,850874,62.7
maxbin2_unbinned_contigs.066.fasta,26.20%,4944505,69.6
maxbin2_unbinned_contigs.097.fasta,26.20%,595612,61.5
maxbin2_unbinned_contigs.131.fasta,26.20%,4595542,75.1
maxbin2_unbinned_contigs.149.fasta,26.20%,385943,62.5
maxbin2_unbinned_contigs.150.fasta,26.20%,545239,63.8
maxbin2_unbinned_contigs.171.fasta,26.20%,2817794,64.8
maxbin2_unbinned_contigs.344.fasta,26.20%,4074714,68.6
maxbin2_unbinned_contigs.364.fasta,26.20%,2065566,66.7
maxbin2_unbinned_contigs.025.fasta,25.20%,1777094,64.6
maxbin2_unbinned_contigs.065.fasta,25.20%,450972,62.9
maxbin2_unbinned_contigs.082.fasta,25.20%,6609835,74.8
maxbin2_unbinned_contigs.090.fasta,25.20%,3333135,71.7
maxbin2_unbinned_contigs.237.fasta,25.20%,2515706,63.3
maxbin2_unbinned_contigs.246.fasta,25.20%,1468249,68.5
maxbin2_unbinned_contigs.353.fasta,25.20%,6711760,54.5
maxbin2_unbinned_contigs.459.fasta,25.20%,648797,46.2
maxbin2_unbinned_contigs.113.fasta,24.30%,303356,65.1
maxbin2_unbinned_contigs.147.fasta,24.30%,3328158,66.6
maxbin2_unbinned_contigs.283.fasta,24.30%,783599,66.8
maxbin2_unbinned_contigs.341.fasta,24.30%,2850348,64.3
maxbin2_unbinned_contigs.397.fasta,24.30%,4508041,59.8
maxbin2_unbinned_contigs.432.fasta,24.30%,3319272,55.5
maxbin2_unbinned_contigs.468.fasta,24.30%,2791574,35.4
maxbin2_unbinned_contigs.104.fasta,23.40%,113216,64.8
maxbin2_unbinned_contigs.108.fasta,23.40%,167896,63.3
maxbin2_unbinned_contigs.133.fasta,23.40%,463747,60.6
maxbin2_unbinned_contigs.185.fasta,23.40%,988547,66.3
maxbin2_unbinned_contigs.255.fasta,23.40%,4556879,73.4
maxbin2_unbinned_contigs.429.fasta,23.40%,1591419,54.5
maxbin2_unbinned_contigs.450.fasta,23.40%,676753,52
maxbin2_unbinned_contigs.100.fasta,22.40%,3532672,37.8
maxbin2_unbinned_contigs.166.fasta,22.40%,2764455,62.3
maxbin2_unbinned_contigs.207.fasta,22.40%,6719416,63.7
maxbin2_unbinned_contigs.278.fasta,22.40%,5569226,73.5
maxbin2_unbinned_contigs.288.fasta,22.40%,4399685,73.2
maxbin2_unbinned_contigs.314.fasta,22.40%,1166833,56
maxbin2_unbinned_contigs.019.fasta,21.50%,1218903,70.9
maxbin2_unbinned_contigs.037.fasta,21.50%,2216933,69.4
maxbin2_unbinned_contigs.135.fasta,21.50%,2618188,67.2
maxbin2_unbinned_contigs.153.fasta,21.50%,121199,64
maxbin2_unbinned_contigs.182.fasta,21.50%,3883030,68
maxbin2_unbinned_contigs.315.fasta,21.50%,2613796,66.9
maxbin2_unbinned_contigs.358.fasta,21.50%,1860660,64.8
maxbin2_unbinned_contigs.465.fasta,21.50%,2521524,30
maxbin2_unbinned_contigs.121.fasta,20.60%,446009,64
maxbin2_unbinned_contigs.129.fasta,20.60%,328375,64
maxbin2_unbinned_contigs.172.fasta,20.60%,746089,61.8
maxbin2_unbinned_contigs.186.fasta,20.60%,5987332,75.2
maxbin2_unbinned_contigs.193.fasta,20.60%,3827608,68.7
maxbin2_unbinned_contigs.214.fasta,20.60%,3134872,68.3
maxbin2_unbinned_contigs.254.fasta,20.60%,1602856,61.8
maxbin2_unbinned_contigs.305.fasta,20.60%,3191807,70.2
maxbin2_unbinned_contigs.309.fasta,20.60%,3361383,60.4
maxbin2_unbinned_contigs.329.fasta,20.60%,6096812,73.4
maxbin2_unbinned_contigs.017.fasta,19.60%,201202,64.8
maxbin2_unbinned_contigs.067.fasta,19.60%,5612475,74.5
maxbin2_unbinned_contigs.127.fasta,19.60%,1330639,66
maxbin2_unbinned_contigs.139.fasta,19.60%,228849,63.4
maxbin2_unbinned_contigs.198.fasta,19.60%,349082,64.1
maxbin2_unbinned_contigs.407.fasta,19.60%,7004290,54.5
maxbin2_unbinned_contigs.425.fasta,19.60%,2801196,55.4
maxbin2_unbinned_contigs.068.fasta,18.70%,1770119,70.7
maxbin2_unbinned_contigs.095.fasta,18.70%,12962328,50.1
maxbin2_unbinned_contigs.146.fasta,18.70%,3087828,75
maxbin2_unbinned_contigs.188.fasta,18.70%,1300966,62.9
maxbin2_unbinned_contigs.311.fasta,18.70%,5863507,70
maxbin2_unbinned_contigs.357.fasta,18.70%,2701053,66.9
maxbin2_unbinned_contigs.016.fasta,17.80%,220022,66.2
maxbin2_unbinned_contigs.064.fasta,17.80%,1054588,60.4
maxbin2_unbinned_contigs.245.fasta,17.80%,1351617,66.1
maxbin2_unbinned_contigs.416.fasta,17.80%,1453492,60.3
maxbin2_unbinned_contigs.024.fasta,16.80%,437137,67.4
maxbin2_unbinned_contigs.117.fasta,16.80%,450204,66.6
maxbin2_unbinned_contigs.123.fasta,16.80%,205775,63.7
maxbin2_unbinned_contigs.189.fasta,16.80%,3824131,69.5
maxbin2_unbinned_contigs.047.fasta,15.90%,152572,66.6
maxbin2_unbinned_contigs.070.fasta,15.90%,492210,67.1
maxbin2_unbinned_contigs.134.fasta,15.90%,545438,62.9
maxbin2_unbinned_contigs.201.fasta,15.90%,200657,64.6
maxbin2_unbinned_contigs.363.fasta,15.90%,1908136,58.2
maxbin2_unbinned_contigs.373.fasta,15.90%,1553157,62.4
maxbin2_unbinned_contigs.474.fasta,15.90%,1290093,38.3
maxbin2_unbinned_contigs.306.fasta,15%,1990489,68.9
maxbin2_unbinned_contigs.471.fasta,15%,621474,45.7
maxbin2_unbinned_contigs.120.fasta,14%,227951,65.4
maxbin2_unbinned_contigs.219.fasta,14%,819880,65.6
maxbin2_unbinned_contigs.244.fasta,14%,1739977,69.8
maxbin2_unbinned_contigs.293.fasta,14%,3771924,70.2
maxbin2_unbinned_contigs.388.fasta,14%,1428570,55.9
maxbin2_unbinned_contigs.005.fasta,13.10%,1713052,65.9
maxbin2_unbinned_contigs.008.fasta,13.10%,2068622,56.5
maxbin2_unbinned_contigs.034.fasta,13.10%,1736511,73.6
maxbin2_unbinned_contigs.057.fasta,13.10%,508580,67.3
maxbin2_unbinned_contigs.191.fasta,13.10%,1039805,63.1
maxbin2_unbinned_contigs.421.fasta,13.10%,1018874,49.1
maxbin2_unbinned_contigs.159.fasta,12.10%,5960527,75.9
maxbin2_unbinned_contigs.164.fasta,12.10%,694644,61.1
maxbin2_unbinned_contigs.236.fasta,12.10%,1714949,69.1
maxbin2_unbinned_contigs.436.fasta,11.20%,3826938,46.6
maxbin2_unbinned_contigs.458.fasta,11.20%,952707,49.3
maxbin2_unbinned_contigs.257.fasta,10.30%,451201,63.6
maxbin2_unbinned_contigs.022.fasta,9.30%,2408561,61
maxbin2_unbinned_contigs.327.fasta,9.30%,5811373,65.6
maxbin2_unbinned_contigs.476.fasta,9.30%,4758828,31.4
maxbin2_unbinned_contigs.018.fasta,8.40%,250385,30.6
maxbin2_unbinned_contigs.004.fasta,7.50%,241770,34.2
maxbin2_unbinned_contigs.302.fasta,7.50%,2448138,72
maxbin2_unbinned_contigs.433.fasta,6.50%,3336198,24.9
maxbin2_unbinned_contigs.015.fasta,5.60%,446462,58.8
maxbin2_unbinned_contigs.403.fasta,5.60%,703642,54.4
maxbin2_unbinned_contigs.440.fasta,4.70%,2230724,44.8
maxbin2_unbinned_contigs.200.fasta,3.70%,110113,63.6
maxbin2_unbinned_contigs.001.fasta,2.80%,119101,64.7
maxbin2_unbinned_contigs.249.fasta,2.80%,1174008,59.4
maxbin2_unbinned_contigs.480.fasta,2.80%,1205009,31.8
maxbin2_unbinned_contigs.460.fasta,1.90%,202419,34.6
maxbin2_unbinned_contigs.261.fasta,0.90%,122714,36.5
maxbin2_unbinned_contigs.410.fasta,0.90%,3552472,62.7
maxbin2_unbinned_contigs.045.fasta,0%,1662464,24.9
maxbin2_unbinned_contigs.058.fasta,0%,726603,31
maxbin2_unbinned_contigs.122.fasta,0%,524266,47.4
maxbin2_unbinned_contigs.444.fasta,0%,660206,43.9
maxbin2_unbinned_contigs.475.fasta,0%,124625,41.7
